{
  "project_info": {
    "project_number": "21058605232",
    "project_id": "tafakrsummerproject",
    "storage_bucket": "tafakrsummerproject.appspot.com"
  },
  "client": [
    {
      "client_info": {
        "mobilesdk_app_id": "1:21058605232:android:f16afb4748235c7a2c2b75",
        "android_client_info": {
          "package_name": "com.example.summertraningproject"
        }
      },
      "oauth_client": [
        {
          "client_id": "21058605232-3g2pnskv5r8m6tgk3hrj6pube63lu1iq.apps.googleusercontent.com",
          "client_type": 3
        }
      ],
      "api_key": [
        {
          "current_key": "AIzaSyDPVxS-pApAujowr6kMtABuD0MSw6qR3EQ"
        }
      ],
      "services": {
        "appinvite_service": {
          "other_platform_oauth_client": [
            {
              "client_id": "21058605232-3g2pnskv5r8m6tgk3hrj6pube63lu1iq.apps.googleusercontent.com",
              "client_type": 3
            }
          ]
        }
      }
    }
  ],
  "configuration_version": "1"
}